kind,etag,id,videoId,kind,etag,id,videoId,textDisplay,textOriginal,authorDisplayName,authorProfileImageUrl,authorChannelUrl,authorChannelId,canRate,viewerRating,likeCount,publishedAt,updatedAt,canReply,totalReplyCount,isPublic,replies
youtube#commentThread,Z76aqnWoUGmzgu7OoVUkTdUB9tw,UgyrZkirZaiK2mmw4gV4AaABAg,-ik4xH7MiYE,youtube#comment,UlEawh4hS_iGg2LaTgyjaenSS0w,UgyrZkirZaiK2mmw4gV4AaABAg,-ik4xH7MiYE,â¤ï¸,â¤ï¸,Hassouni ApeX,https://yt3.ggpht.com/T6BOh9bxcXtntYIkTvyRKHi6p4nptS-UBSeO4rD9M1loWLNtfK6KAEGP_d-_iGZ1VG_sQw9Y=s48-c-k-c0x00ffffff-no-rj,http://www.youtube.com/channel/UCBViNHfmRSkbbea-_od8aaQ,UCBViNHfmRSkbbea-_od8aaQ,True,none,0,2023-01-24T06:32:40Z,2023-01-24T06:32:40Z,True,0,True,
youtube#commentThread,-4vB7F6_AYUCv15Ti0Kd93GsguM,Ugy_1XNVomQXAi-fQmF4AaABAg,-ik4xH7MiYE,youtube#comment,nARI07v7PMU77fSIuC3GI088hGs,Ugy_1XNVomQXAi-fQmF4AaABAg,-ik4xH7MiYE,SAMSUNG ADD GAME BOOSTER TO A03S,SAMSUNG ADD GAME BOOSTER TO A03S,á´…Ê€á´‡á´€á´…,https://yt3.ggpht.com/94SE95Fuj9W4mLsTYyM1X9ehD7_DZ8EjKA0lKgBdzaFJs8KUdhXHDDEOghUbzDQQEWV7mToB=s48-c-k-c0x00ffffff-no-rj,http://www.youtube.com/channel/UCQuJ86hUVoSPYP-jF0T96OA,UCQuJ86hUVoSPYP-jF0T96OA,True,none,1,2023-01-24T06:18:43Z,2023-01-24T06:18:43Z,True,0,True,
youtube#commentThread,i8jIxduki1OdkqIiaZ2BIOAk9l0,Ugz9IzpzPlT1E7V_7Bt4AaABAg,-ik4xH7MiYE,youtube#comment,mirgEOXOTMRqS22UqrVVhByx0dY,Ugz9IzpzPlT1E7V_7Bt4AaABAg,-ik4xH7MiYE,SAMSUNG ADD GAME BOOSTER TO A03S,SAMSUNG ADD GAME BOOSTER TO A03S,á´…Ê€á´‡á´€á´…,https://yt3.ggpht.com/94SE95Fuj9W4mLsTYyM1X9ehD7_DZ8EjKA0lKgBdzaFJs8KUdhXHDDEOghUbzDQQEWV7mToB=s48-c-k-c0x00ffffff-no-rj,http://www.youtube.com/channel/UCQuJ86hUVoSPYP-jF0T96OA,UCQuJ86hUVoSPYP-jF0T96OA,True,none,1,2023-01-24T06:18:27Z,2023-01-24T06:18:27Z,True,0,True,
youtube#commentThread,oSpkL_TqRD2rRsFU2cyH4X09_p4,UgxN1eqteB8xk1RH2Y94AaABAg,-ik4xH7MiYE,youtube#comment,Axigdq14pnTzosQ5XAyqXzFf-zA,UgxN1eqteB8xk1RH2Y94AaABAg,-ik4xH7MiYE,SAMSUNG GALAXY A33 5g Wallpaper video den â™¥ï¸ ğŸ‘Œ ğŸ˜ bangladesh ğŸ‡§ğŸ‡© â™¥ï¸ ğŸ˜‹ ğŸ‘Œ â¤ï¸,SAMSUNG GALAXY A33 5g Wallpaper video den â™¥ï¸ ğŸ‘Œ ğŸ˜ bangladesh ğŸ‡§ğŸ‡© â™¥ï¸ ğŸ˜‹ ğŸ‘Œ â¤ï¸,Md. Mishon islam,https://yt3.ggpht.com/ytc/AL5GRJXbIWg-LBGNH5JPKO-Mz_3ca5PWSB7U1ZDfrNJ5ngfJmez_B7yWY4CnzjcWxbC3=s48-c-k-c0x00ffffff-no-rj,http://www.youtube.com/channel/UCS5465L44n9736-2W7G9Q1g,UCS5465L44n9736-2W7G9Q1g,True,none,0,2023-01-24T02:11:48Z,2023-01-24T02:11:48Z,True,0,True,
youtube#commentThread,_wrPl92SXGuWWczAbYuODNmrZzQ,Ugwu8Qn3xjJm75a4YCR4AaABAg,-ik4xH7MiYE,youtube#comment,FszenS6sAR7mD4rZ6rY80zF4_QE,Ugwu8Qn3xjJm75a4YCR4AaABAg,-ik4xH7MiYE,Samsung the One And Only my loveliest brand in the world ğŸŒ,Samsung the One And Only my loveliest brand in the world ğŸŒ,M Zeeshan Khan,https://yt3.ggpht.com/X34wXH7oWjBU-98GleZu9tsOLx3KzbHnBU1TY2PxTsjTM9meQYEcacyVo70mn_M6xiQvLF8EW44=s48-c-k-c0x00ffffff-no-rj,http://www.youtube.com/channel/UCtz2RO_DemXMghqNb92-cMg,UCtz2RO_DemXMghqNb92-cMg,True,none,1,2023-01-23T20:59:16Z,2023-01-23T20:59:16Z,True,0,True,
youtube#commentThread,Q08fBD3Ga5DJCgRM-MfU_X505XM,Ugy73Tx9qY5wI4Hg2od4AaABAg,-ik4xH7MiYE,youtube#comment,h8gUG91pt2YMv0O3bWH6WmXksFU,Ugy73Tx9qY5wI4Hg2od4AaABAg,-ik4xH7MiYE,"6,28 million gigachads here","6,28 million gigachads here",Bulut animations,https://yt3.ggpht.com/I26G84w1R4iCtrFbg5H3LMGGe1qv9PvK4ANpSj5gb7T0ZeFeXtPiD0oNpIlydKZzVipeAAgtyA=s48-c-k-c0x00ffffff-no-rj,http://www.youtube.com/channel/UCjw4GU8MWbUvpeReFxDQ7-w,UCjw4GU8MWbUvpeReFxDQ7-w,True,none,1,2023-01-23T16:35:07Z,2023-01-23T16:35:07Z,True,1,True,"[{'kind': 'youtube#comment', 'etag': 'MEjNcOa09xlV4-KQ4a490pweBBM', 'id': 'Ugy73Tx9qY5wI4Hg2od4AaABAg.9lER_Iu6UFJ9lEaKfR3hn_', 'snippet': {'videoId': '-ik4xH7MiYE', 'textDisplay': 'ğŸ‘†ğŸ‰ THANKS FOR WATCHING AND COMMENTING, TELEGRAM ME TO CLAIM YOUR PRIZE ğŸ', 'textOriginal': 'ğŸ‘†ğŸ‰ THANKS FOR WATCHING AND COMMENTING, TELEGRAM ME TO CLAIM YOUR PRIZE ğŸ', 'parentId': 'Ugy73Tx9qY5wI4Hg2od4AaABAg', 'authorDisplayName': 'msg ğŸ‘‰Mdmotivato on telÃ©gram', 'authorProfileImageUrl': 'https://yt3.ggpht.com/fLBUC7MNZMu1JoNQzakb9MkBVJA8oPb7XYUrD4l55CtGXY-Nst1xH2OaaHAtabYMW_bP6LQ_=s48-c-k-c0x00ffffff-no-rj', 'authorChannelUrl': 'http://www.youtube.com/channel/UCTfscAWyfsUu_BzBvuOA5Eg', 'authorChannelId': {'value': 'UCTfscAWyfsUu_BzBvuOA5Eg'}, 'canRate': True, 'viewerRating': 'none', 'likeCount': 1, 'publishedAt': '2023-01-23T18:00:22Z', 'updatedAt': '2023-01-23T18:00:22Z'}}]"
youtube#commentThread,NCNgTfayVD5kbY-nLmHgsHWXgYs,UgyaIMiTDTtKjePs5rp4AaABAg,-ik4xH7MiYE,youtube#comment,vUws2hnbdlz6CyQl3bl9IB1Ni7E,UgyaIMiTDTtKjePs5rp4AaABAg,-ik4xH7MiYE,Magnifique vidÃ©o,Magnifique vidÃ©o,(AUGUSTIN ZIGAH) j'aime transports Ã®le-de-france,https://yt3.ggpht.com/phF7Gi58gEKwzk9_o24115-icClaQeuGqdd1cLC99pVSX9pJtJBGkwIJxPvVbGncfwcSpviL=s48-c-k-c0x00ffffff-no-rj,http://www.youtube.com/channel/UCWKKC6ERQg1ngTYK332f45A,UCWKKC6ERQg1ngTYK332f45A,True,none,1,2023-01-23T16:07:53Z,2023-01-23T16:07:53Z,True,1,True,"[{'kind': 'youtube#comment', 'etag': '2y8Dq7lLBzbul5tZtNcafhTBtS0', 'id': 'UgyaIMiTDTtKjePs5rp4AaABAg.9lEOSjyeLmZ9lEaMQEzSD2', 'snippet': {'videoId': '-ik4xH7MiYE', 'textDisplay': 'ğŸ‘†ğŸ‰ THANKS FOR WATCHING AND COMMENTING, TELEGRAM ME TO CLAIM YOUR PRIZE ğŸ', 'textOriginal': 'ğŸ‘†ğŸ‰ THANKS FOR WATCHING AND COMMENTING, TELEGRAM ME TO CLAIM YOUR PRIZE ğŸ', 'parentId': 'UgyaIMiTDTtKjePs5rp4AaABAg', 'authorDisplayName': 'msg ğŸ‘‰Mdmotivato on telÃ©gram', 'authorProfileImageUrl': 'https://yt3.ggpht.com/fLBUC7MNZMu1JoNQzakb9MkBVJA8oPb7XYUrD4l55CtGXY-Nst1xH2OaaHAtabYMW_bP6LQ_=s48-c-k-c0x00ffffff-no-rj', 'authorChannelUrl': 'http://www.youtube.com/channel/UCTfscAWyfsUu_BzBvuOA5Eg', 'authorChannelId': {'value': 'UCTfscAWyfsUu_BzBvuOA5Eg'}, 'canRate': True, 'viewerRating': 'none', 'likeCount': 1, 'publishedAt': '2023-01-23T18:00:36Z', 'updatedAt': '2023-01-23T18:00:36Z'}}]"
youtube#commentThread,tIPSgCXLJuor0Potxqk08Cx--O8,Ugwpp-W32-poMXTeyNh4AaABAg,-ik4xH7MiYE,youtube#comment,Kczvdbr2MZiwW_NTWOIBBYMPg4o,Ugwpp-W32-poMXTeyNh4AaABAg,-ik4xH7MiYE,Huawei flip phone have 3 on the back u still stick with 2 lol,Huawei flip phone have 3 on the back u still stick with 2 lol,Mr Ronnie,https://yt3.ggpht.com/4UKfBAdLNO0VWJ2BmCx0aJ30GM3BlRBlosb5Fx8Zkq-1sDxUTU78eCg7kovnvYYn3SB0Z_uHWA=s48-c-k-c0x00ffffff-no-rj,http://www.youtube.com/channel/UCwWorD6YxUDB0dl6TJ4j1Hw,UCwWorD6YxUDB0dl6TJ4j1Hw,True,none,0,2023-01-23T14:19:39Z,2023-01-23T14:19:39Z,True,1,True,"[{'kind': 'youtube#comment', 'etag': '227UO_2ZCUcK_37nTm7V3MKbZd4', 'id': 'Ugwpp-W32-poMXTeyNh4AaABAg.9lEC47T2hHk9lEcFzOn-Nd', 'snippet': {'videoId': '-ik4xH7MiYE', 'textDisplay': 'ğŸ‘†ğŸ‰ THANKS FOR WATCHING AND COMMENTING, TELEGRAM ME TO CLAIM YOUR PRIZE ğŸ', 'textOriginal': 'ğŸ‘†ğŸ‰ THANKS FOR WATCHING AND COMMENTING, TELEGRAM ME TO CLAIM YOUR PRIZE ğŸ', 'parentId': 'Ugwpp-W32-poMXTeyNh4AaABAg', 'authorDisplayName': 'msg ğŸ‘‰Samsung003', 'authorProfileImageUrl': 'https://yt3.ggpht.com/uyxrJTbIdsvEaS5JFbwfPXF7xhG6AJvKl4Xh0GxpJUFc_FbNS-l6Ne7YLq1h4XM0e_M_sFvlIg=s48-c-k-c0x00ffffff-no-rj', 'authorChannelUrl': 'http://www.youtube.com/channel/UCXEDKbPxMOBqMhqJ1pLl8xA', 'authorChannelId': {'value': 'UCXEDKbPxMOBqMhqJ1pLl8xA'}, 'canRate': True, 'viewerRating': 'none', 'likeCount': 0, 'publishedAt': '2023-01-23T18:17:12Z', 'updatedAt': '2023-01-23T18:17:12Z'}}]"
youtube#commentThread,Ko1HH8289MWIXFAHsFWGqbXEWOM,Ugw_3RcJFtmGDCDnlKN4AaABAg,-ik4xH7MiYE,youtube#comment,zUKf5qkKbAQSQZ6b2wFv5YXbzj4,Ugw_3RcJFtmGDCDnlKN4AaABAg,-ik4xH7MiYE,Good to see Tommy. Heâ€™s definitely one of the best photographers out there.,Good to see Tommy. Heâ€™s definitely one of the best photographers out there.,Jls Films,https://yt3.ggpht.com/ytc/AL5GRJVwgMABxsuKGPw3o0fZuucXueEXtVcPMtutMp1rdw=s48-c-k-c0x00ffffff-no-rj,http://www.youtube.com/channel/UCvgZx-g0F2yNIHUpzKTfRBg,UCvgZx-g0F2yNIHUpzKTfRBg,True,none,3,2023-01-23T13:55:10Z,2023-01-23T13:55:10Z,True,1,True,"[{'kind': 'youtube#comment', 'etag': 'aajNnunrKgdw-Gabxw1LBC4SFlM', 'id': 'Ugw_3RcJFtmGDCDnlKN4AaABAg.9lE9GgmXGJq9lEcL9Gk6WF', 'snippet': {'videoId': '-ik4xH7MiYE', 'textDisplay': 'ğŸ‘†ğŸ‰ THANKS FOR WATCHING AND COMMENTING, TELEGRAM ME TO CLAIM YOUR PRIZE ğŸ', 'textOriginal': 'ğŸ‘†ğŸ‰ THANKS FOR WATCHING AND COMMENTING, TELEGRAM ME TO CLAIM YOUR PRIZE ğŸ', 'parentId': 'Ugw_3RcJFtmGDCDnlKN4AaABAg', 'authorDisplayName': 'msg ğŸ‘‰Samsung003', 'authorProfileImageUrl': 'https://yt3.ggpht.com/uyxrJTbIdsvEaS5JFbwfPXF7xhG6AJvKl4Xh0GxpJUFc_FbNS-l6Ne7YLq1h4XM0e_M_sFvlIg=s48-c-k-c0x00ffffff-no-rj', 'authorChannelUrl': 'http://www.youtube.com/channel/UCXEDKbPxMOBqMhqJ1pLl8xA', 'authorChannelId': {'value': 'UCXEDKbPxMOBqMhqJ1pLl8xA'}, 'canRate': True, 'viewerRating': 'none', 'likeCount': 0, 'publishedAt': '2023-01-23T18:17:55Z', 'updatedAt': '2023-01-23T18:17:55Z'}}]"
youtube#commentThread,iF6Bx35daed3JVRUORPGg-W4wSk,Ugw6nukhzFsb-Ck7TFp4AaABAg,-ik4xH7MiYE,youtube#comment,abQ4p5rOZGk_91LUlYX6oPEuSk8,Ugw6nukhzFsb-Ck7TFp4AaABAg,-ik4xH7MiYE,Samsung is the my favourite company in the world,Samsung is the my favourite company in the world,Bibek Das,https://yt3.ggpht.com/ytc/AL5GRJXthpsY7KOhjG9ki_Tm3DJf7VDMcg1oC2WtiQ=s48-c-k-c0x00ffffff-no-rj,http://www.youtube.com/channel/UCrhrvFBMNmP75qR9l3hu8Gg,UCrhrvFBMNmP75qR9l3hu8Gg,True,none,10,2023-01-23T13:33:43Z,2023-01-23T13:33:43Z,True,4,True,"[{'kind': 'youtube#comment', 'etag': 'uTrMD4BRKw6RAcPm92GxPcMsXTI', 'id': 'Ugw6nukhzFsb-Ck7TFp4AaABAg.9lE6ocwmbTb9lG61__5ZkW', 'snippet': {'videoId': '-ik4xH7MiYE', 'textDisplay': 'ilove Samsung,  ilove koria', 'textOriginal': 'ilove Samsung,  ilove koria', 'parentId': 'Ugw6nukhzFsb-Ck7TFp4AaABAg', 'authorDisplayName': 'Ariyan Robin', 'authorProfileImageUrl': 'https://yt3.ggpht.com/ytc/AL5GRJXX_AnIgzqW8RVwzeG39w4C2ZlWR4B1BNp2OOqJ0Q=s48-c-k-c0x00ffffff-no-rj', 'authorChannelUrl': 'http://www.youtube.com/channel/UCSpXt8KCztN0AdLBtUX8-Kw', 'authorChannelId': {'value': 'UCSpXt8KCztN0AdLBtUX8-Kw'}, 'canRate': True, 'viewerRating': 'none', 'likeCount': 0, 'publishedAt': '2023-01-24T08:05:22Z', 'updatedAt': '2023-01-24T08:05:22Z'}}, {'kind': 'youtube#comment', 'etag': 'ND9CsG66MCUkC0SwlPHwVXhEI5k', 'id': 'Ugw6nukhzFsb-Ck7TFp4AaABAg.9lE6ocwmbTb9lFpEQR1dMh', 'snippet': {'videoId': '-ik4xH7MiYE', 'textDisplay': 'creepy', 'textOriginal': 'creepy', 'parentId': 'Ugw6nukhzFsb-Ck7TFp4AaABAg', 'authorDisplayName': 'Lime', 'authorProfileImageUrl': 'https://yt3.ggpht.com/ePziOjVIBzC3adAYbZHRxAjy6jIRY0K9V6PRB0Fit5wENi15htz5rWtHvLsXwu2dE125yfLN=s48-c-k-c0x00ffffff-no-rj', 'authorChannelUrl': 'http://www.youtube.com/channel/UCFtMcyCA3SIPJpyMQ4DvEeg', 'authorChannelId': {'value': 'UCFtMcyCA3SIPJpyMQ4DvEeg'}, 'canRate': True, 'viewerRating': 'none', 'likeCount': 0, 'publishedAt': '2023-01-24T05:29:50Z', 'updatedAt': '2023-01-24T05:29:50Z'}}, {'kind': 'youtube#comment', 'etag': 'vf-ETkRgKzhM7bwvcHUwNyD85Hg', 'id': 'Ugw6nukhzFsb-Ck7TFp4AaABAg.9lE6ocwmbTb9lEcM9uQHR3', 'snippet': {'videoId': '-ik4xH7MiYE', 'textDisplay': 'ğŸ‘†ğŸ‰ THANKS FOR WATCHING AND COMMENTING, TELEGRAM ME TO CLAIM YOUR PRIZE ğŸ', 'textOriginal': 'ğŸ‘†ğŸ‰ THANKS FOR WATCHING AND COMMENTING, TELEGRAM ME TO CLAIM YOUR PRIZE ğŸ', 'parentId': 'Ugw6nukhzFsb-Ck7TFp4AaABAg', 'authorDisplayName': 'msg ğŸ‘‰Samsung003', 'authorProfileImageUrl': 'https://yt3.ggpht.com/uyxrJTbIdsvEaS5JFbwfPXF7xhG6AJvKl4Xh0GxpJUFc_FbNS-l6Ne7YLq1h4XM0e_M_sFvlIg=s48-c-k-c0x00ffffff-no-rj', 'authorChannelUrl': 'http://www.youtube.com/channel/UCXEDKbPxMOBqMhqJ1pLl8xA', 'authorChannelId': {'value': 'UCXEDKbPxMOBqMhqJ1pLl8xA'}, 'canRate': True, 'viewerRating': 'none', 'likeCount': 0, 'publishedAt': '2023-01-23T18:18:03Z', 'updatedAt': '2023-01-23T18:18:03Z'}}, {'kind': 'youtube#comment', 'etag': 'QJYB0UaUF-5Fi2njQJRvZSG8p5Y', 'id': 'Ugw6nukhzFsb-Ck7TFp4AaABAg.9lE6ocwmbTb9lEGn2SIDN1', 'snippet': {'videoId': '-ik4xH7MiYE', 'textDisplay': 'Me to', 'textOriginal': 'Me to', 'parentId': 'Ugw6nukhzFsb-Ck7TFp4AaABAg', 'authorDisplayName': 'Tiniyaa', 'authorProfileImageUrl': 'https://yt3.ggpht.com/gNngT3w6HUzGX3d0za2bjMdEjJrRS-o3UD8Lb_aPBwLodLq41smBl52LILmcUbt9sUh8qGLyig=s48-c-k-c0x00ffffff-no-rj', 'authorChannelUrl': 'http://www.youtube.com/channel/UCtVuRFxmAYTEGTuTr-UE32g', 'authorChannelId': {'value': 'UCtVuRFxmAYTEGTuTr-UE32g'}, 'canRate': True, 'viewerRating': 'none', 'likeCount': 0, 'publishedAt': '2023-01-23T15:00:53Z', 'updatedAt': '2023-01-23T15:00:53Z'}}]"
youtube#commentThread,OiT0pYyfnG4l9EyoUNJJiI9scfc,Ugy99JVp2bm97DNxPvp4AaABAg,-ik4xH7MiYE,youtube#comment,evDJ-mn66K_PsZqoMOWVSU_066M,Ugy99JVp2bm97DNxPvp4AaABAg,-ik4xH7MiYE,"DEAR EVERYONE AT SAMSUNG, <br><br>HAPPY NEW YEAR.  <br><br>GOD BLESS YOU MY FRIENDS. I AM VERY PROUD OF YOU AND VERY HAPPY FOR YOU. I HOPE ALL OF YOUR DREAMS COME TRUE.  I HOPE YOU HAD THE BEST AND HAPPIEST CHRISTMAS OF YOUR ENTIRE LIFE. I LOVE YOU.  I LOVE MR. DJ KOH.   I LOVE MR. ESPARZA AND ALL OF MY BEAUTIFUL FRIENDS.  ( I WOULD ABSOLUTELY CRY TO CELEBRATE CHRISTMAS, BLESSINGS AND LIFE TODAY)  ğŸ…ğŸğŸŒ²ğŸ™<br><br>SINCERELY PETER","DEAR EVERYONE AT SAMSUNG, 

HAPPY NEW YEAR.  

GOD BLESS YOU MY FRIENDS. I AM VERY PROUD OF YOU AND VERY HAPPY FOR YOU. I HOPE ALL OF YOUR DREAMS COME TRUE.  I HOPE YOU HAD THE BEST AND HAPPIEST CHRISTMAS OF YOUR ENTIRE LIFE. I LOVE YOU.  I LOVE MR. DJ KOH.   I LOVE MR. ESPARZA AND ALL OF MY BEAUTIFUL FRIENDS.  ( I WOULD ABSOLUTELY CRY TO CELEBRATE CHRISTMAS, BLESSINGS AND LIFE TODAY)  ğŸ…ğŸğŸŒ²ğŸ™

SINCERELY PETER",Peter Sampson,https://yt3.ggpht.com/8S53VcF913MEYK4WKWRsEGutL2N1SPPWKIfBc0cRNwk9HLRS4HkDiuSTfTGaJrGNHTRYCdee=s48-c-k-c0x00ffffff-no-rj,http://www.youtube.com/channel/UCCouOq_qFtuWRXtbphL8VvQ,UCCouOq_qFtuWRXtbphL8VvQ,True,none,2,2023-01-23T13:31:53Z,2023-01-23T13:31:53Z,True,1,True,"[{'kind': 'youtube#comment', 'etag': 'QmE8Sqj0IWEqv0gcZzVuK88gWvs', 'id': 'Ugy99JVp2bm97DNxPvp4AaABAg.9lE6bGwRgrV9lEcNEgyTHK', 'snippet': {'videoId': '-ik4xH7MiYE', 'textDisplay': 'ğŸ‘†ğŸ‰ THANKS FOR WATCHING AND COMMENTING, TELEGRAM ME TO CLAIM YOUR PRIZE ğŸ', 'textOriginal': 'ğŸ‘†ğŸ‰ THANKS FOR WATCHING AND COMMENTING, TELEGRAM ME TO CLAIM YOUR PRIZE ğŸ', 'parentId': 'Ugy99JVp2bm97DNxPvp4AaABAg', 'authorDisplayName': 'msg ğŸ‘‰Samsung003', 'authorProfileImageUrl': 'https://yt3.ggpht.com/uyxrJTbIdsvEaS5JFbwfPXF7xhG6AJvKl4Xh0GxpJUFc_FbNS-l6Ne7YLq1h4XM0e_M_sFvlIg=s48-c-k-c0x00ffffff-no-rj', 'authorChannelUrl': 'http://www.youtube.com/channel/UCXEDKbPxMOBqMhqJ1pLl8xA', 'authorChannelId': {'value': 'UCXEDKbPxMOBqMhqJ1pLl8xA'}, 'canRate': True, 'viewerRating': 'none', 'likeCount': 0, 'publishedAt': '2023-01-23T18:18:12Z', 'updatedAt': '2023-01-23T18:18:12Z'}}]"
youtube#commentThread,SedQBCZFnPr_ZHQxqmcZJUMX07g,UgyMHzzZoWDiU90pXSF4AaABAg,-ik4xH7MiYE,youtube#comment,P1CW2bCgc3l-XjB7b8v6_BvGY_I,UgyMHzzZoWDiU90pXSF4AaABAg,-ik4xH7MiYE,Why the Camera of Samsung A52 is worst ???<br>A series must have good cameras but worst why??,"Why the Camera of Samsung A52 is worst ???
A series must have good cameras but worst why??",Top Raj K.C,https://yt3.ggpht.com/kCz92m1fZGSmSTSfDQZc0-y_zdpiyepsP_kMTa0oZ0yMPaoEA2XEcNN-o4cw-PPMifWPgpOJxQ=s48-c-k-c0x00ffffff-no-rj,http://www.youtube.com/channel/UCHIU77qUQcGBYKgrSGiJYbw,UCHIU77qUQcGBYKgrSGiJYbw,True,none,2,2023-01-23T12:33:18Z,2023-01-23T12:33:18Z,True,2,True,"[{'kind': 'youtube#comment', 'etag': 'AMEuXgJxji-_Q9hgC8GQCdXMQ7Q', 'id': 'UgyMHzzZoWDiU90pXSF4AaABAg.9lE-uAdJCTd9lEcOE9T_iC', 'snippet': {'videoId': '-ik4xH7MiYE', 'textDisplay': 'ğŸ‘†ğŸ‰ THANKS FOR WATCHING AND COMMENTING, TELEGRAM ME TO CLAIM YOUR PRIZE ğŸ', 'textOriginal': 'ğŸ‘†ğŸ‰ THANKS FOR WATCHING AND COMMENTING, TELEGRAM ME TO CLAIM YOUR PRIZE ğŸ', 'parentId': 'UgyMHzzZoWDiU90pXSF4AaABAg', 'authorDisplayName': 'msg ğŸ‘‰Samsung003', 'authorProfileImageUrl': 'https://yt3.ggpht.com/uyxrJTbIdsvEaS5JFbwfPXF7xhG6AJvKl4Xh0GxpJUFc_FbNS-l6Ne7YLq1h4XM0e_M_sFvlIg=s48-c-k-c0x00ffffff-no-rj', 'authorChannelUrl': 'http://www.youtube.com/channel/UCXEDKbPxMOBqMhqJ1pLl8xA', 'authorChannelId': {'value': 'UCXEDKbPxMOBqMhqJ1pLl8xA'}, 'canRate': True, 'viewerRating': 'none', 'likeCount': 0, 'publishedAt': '2023-01-23T18:18:20Z', 'updatedAt': '2023-01-23T18:18:20Z'}}, {'kind': 'youtube#comment', 'etag': 'lxfzHyqmhciQqlccQzmIqynOf_0', 'id': 'UgyMHzzZoWDiU90pXSF4AaABAg.9lE-uAdJCTd9lE2mBcLsy-', 'snippet': {'videoId': '-ik4xH7MiYE', 'textDisplay': 'Just buy flagship phones of androids  don&#39;t settle with entry and midrange phones if you want the best.', 'textOriginal': ""Just buy flagship phones of androids  don't settle with entry and midrange phones if you want the best."", 'parentId': 'UgyMHzzZoWDiU90pXSF4AaABAg', 'authorDisplayName': 'Reziee', 'authorProfileImageUrl': 'https://yt3.ggpht.com/0YVt-0qhVK7i1-UajdxmMHpr1N-L0JQhlRX0FM3CN1rdMgpy_urRR-ucRZ9555kdSJgY_9UKLQ=s48-c-k-c0x00ffffff-no-rj', 'authorChannelUrl': 'http://www.youtube.com/channel/UCaeyOU5pUigMR8T-OQazAdw', 'authorChannelId': {'value': 'UCaeyOU5pUigMR8T-OQazAdw'}, 'canRate': True, 'viewerRating': 'none', 'likeCount': 2, 'publishedAt': '2023-01-23T12:58:26Z', 'updatedAt': '2023-01-23T12:58:26Z'}}]"
youtube#commentThread,k-wsitUkc4KZdQTa7pioLBANvKU,Ugx9Job0_UJgRpvIzpZ4AaABAg,-ik4xH7MiYE,youtube#comment,b51eyD3MkgdSLz7lYIzkTz5yyH8,Ugx9Job0_UJgRpvIzpZ4AaABAg,-ik4xH7MiYE,My live samsung,My live samsung,Lá»™c Nguyá»…n,https://yt3.ggpht.com/ytc/AL5GRJWYJkeGxxqizDjFaNcOF2GEsfvlr2_muttabFtL3VAfOLSLSMpGUeSZsZYSNrAw=s48-c-k-c0x00ffffff-no-rj,http://www.youtube.com/channel/UCGt8jngqAIQUZ00FfitpGYA,UCGt8jngqAIQUZ00FfitpGYA,True,none,0,2023-01-23T12:08:34Z,2023-01-23T12:08:34Z,True,1,True,"[{'kind': 'youtube#comment', 'etag': 'LMHtAGdjhbAQq-FAqzJAxtP2Pt4', 'id': 'Ugx9Job0_UJgRpvIzpZ4AaABAg.9lDy3zQJEpN9lEcQi6W3iN', 'snippet': {'videoId': '-ik4xH7MiYE', 'textDisplay': 'ğŸ‘†ğŸ‰ THANKS FOR WATCHING AND COMMENTING, TELEGRAM ME TO CLAIM YOUR PRIZE ğŸ', 'textOriginal': 'ğŸ‘†ğŸ‰ THANKS FOR WATCHING AND COMMENTING, TELEGRAM ME TO CLAIM YOUR PRIZE ğŸ', 'parentId': 'Ugx9Job0_UJgRpvIzpZ4AaABAg', 'authorDisplayName': 'msg ğŸ‘‰Samsung003', 'authorProfileImageUrl': 'https://yt3.ggpht.com/uyxrJTbIdsvEaS5JFbwfPXF7xhG6AJvKl4Xh0GxpJUFc_FbNS-l6Ne7YLq1h4XM0e_M_sFvlIg=s48-c-k-c0x00ffffff-no-rj', 'authorChannelUrl': 'http://www.youtube.com/channel/UCXEDKbPxMOBqMhqJ1pLl8xA', 'authorChannelId': {'value': 'UCXEDKbPxMOBqMhqJ1pLl8xA'}, 'canRate': True, 'viewerRating': 'none', 'likeCount': 0, 'publishedAt': '2023-01-23T18:18:40Z', 'updatedAt': '2023-01-23T18:18:40Z'}}]"
youtube#commentThread,kPNy7D7fB55QCF_9LYyXovgKBEc,UgwNy-DcJiN3MT4jLqh4AaABAg,-ik4xH7MiYE,youtube#comment,o8lUWZWGyQTKTqBAE2Ss9xcxCqA,UgwNy-DcJiN3MT4jLqh4AaABAg,-ik4xH7MiYE,ğŸ”¥ğŸ”¥ğŸ”¥,ğŸ”¥ğŸ”¥ğŸ”¥,Knexi Vibez,https://yt3.ggpht.com/Dn5BIJ4D8ouZFl8NLJonVFsMPLNzEHRozF94PAxZ-0pKX-ELivc7yeSfT-x44lTz4UnEfurIDw=s48-c-k-c0x00ffffff-no-rj,http://www.youtube.com/channel/UCEE83PITjTOBx3yldKC5qYw,UCEE83PITjTOBx3yldKC5qYw,True,none,1,2023-01-23T12:06:03Z,2023-01-23T12:06:03Z,True,1,True,"[{'kind': 'youtube#comment', 'etag': 'ZC_bibqGZ-88xbpPg9FHHbMDuII', 'id': 'UgwNy-DcJiN3MT4jLqh4AaABAg.9lDxmY78ORS9lEcR_iWqW4', 'snippet': {'videoId': '-ik4xH7MiYE', 'textDisplay': 'ğŸ‘†ğŸ‰ THANKS FOR WATCHING AND COMMENTING, TELEGRAM ME TO CLAIM YOUR PRIZE ğŸ', 'textOriginal': 'ğŸ‘†ğŸ‰ THANKS FOR WATCHING AND COMMENTING, TELEGRAM ME TO CLAIM YOUR PRIZE ğŸ', 'parentId': 'UgwNy-DcJiN3MT4jLqh4AaABAg', 'authorDisplayName': 'msg ğŸ‘‰Samsung003', 'authorProfileImageUrl': 'https://yt3.ggpht.com/uyxrJTbIdsvEaS5JFbwfPXF7xhG6AJvKl4Xh0GxpJUFc_FbNS-l6Ne7YLq1h4XM0e_M_sFvlIg=s48-c-k-c0x00ffffff-no-rj', 'authorChannelUrl': 'http://www.youtube.com/channel/UCXEDKbPxMOBqMhqJ1pLl8xA', 'authorChannelId': {'value': 'UCXEDKbPxMOBqMhqJ1pLl8xA'}, 'canRate': True, 'viewerRating': 'none', 'likeCount': 0, 'publishedAt': '2023-01-23T18:18:47Z', 'updatedAt': '2023-01-23T18:18:47Z'}}]"
youtube#commentThread,kVdZ34E9diu8wsTu2WWaV8ah10k,Ugx80LgCd4y4XGUW5hF4AaABAg,-ik4xH7MiYE,youtube#comment,m3sErZxQNaTdGUyJCpT8uIOeS4E,Ugx80LgCd4y4XGUW5hF4AaABAg,-ik4xH7MiYE,ğŸ”¥ğŸ”¥ğŸ”¥,ğŸ”¥ğŸ”¥ğŸ”¥,Travis 04,https://yt3.ggpht.com/ytc/AL5GRJW8BC97CXUyP6eXj-gP4ql3l97ohJkcKK_D-JkeFg=s48-c-k-c0x00ffffff-no-rj,http://www.youtube.com/channel/UCqWNLkcq1wk5-3AwBhzjgzg,UCqWNLkcq1wk5-3AwBhzjgzg,True,none,0,2023-01-23T12:00:40Z,2023-01-23T12:00:40Z,True,1,True,"[{'kind': 'youtube#comment', 'etag': 'Ycu9srLZSgAgImiAhL2ss3pex1M', 'id': 'Ugx80LgCd4y4XGUW5hF4AaABAg.9lDxA88pRi59lEcSNYMHVN', 'snippet': {'videoId': '-ik4xH7MiYE', 'textDisplay': 'ğŸ‘†ğŸ‰ THANKS FOR WATCHING AND COMMENTING, TELEGRAM ME TO CLAIM YOUR PRIZE ğŸ', 'textOriginal': 'ğŸ‘†ğŸ‰ THANKS FOR WATCHING AND COMMENTING, TELEGRAM ME TO CLAIM YOUR PRIZE ğŸ', 'parentId': 'Ugx80LgCd4y4XGUW5hF4AaABAg', 'authorDisplayName': 'msg ğŸ‘‰Samsung003', 'authorProfileImageUrl': 'https://yt3.ggpht.com/uyxrJTbIdsvEaS5JFbwfPXF7xhG6AJvKl4Xh0GxpJUFc_FbNS-l6Ne7YLq1h4XM0e_M_sFvlIg=s48-c-k-c0x00ffffff-no-rj', 'authorChannelUrl': 'http://www.youtube.com/channel/UCXEDKbPxMOBqMhqJ1pLl8xA', 'authorChannelId': {'value': 'UCXEDKbPxMOBqMhqJ1pLl8xA'}, 'canRate': True, 'viewerRating': 'none', 'likeCount': 0, 'publishedAt': '2023-01-23T18:18:54Z', 'updatedAt': '2023-01-23T18:18:54Z'}}]"
youtube#commentThread,1ZPrqTM0-fZmeEjgOPCr1na-p-c,UgwG2pQn6yCBUO22A994AaABAg,-ik4xH7MiYE,youtube#comment,B8cxa0rfGJmvB1nr7eIoHEk5vV0,UgwG2pQn6yCBUO22A994AaABAg,-ik4xH7MiYE,foldables are ultimately gonna fail imo,foldables are ultimately gonna fail imo,Sá¸‘eÃ©Ã½ Ã–Ä·Å£Ä…Å—,https://yt3.ggpht.com/ytc/AL5GRJWoOaz74scH5_yqOb2f_TQWc0mXD-LphQ1ebki0ug=s48-c-k-c0x00ffffff-no-rj,http://www.youtube.com/channel/UCcy6xaqq0HftGGgVHXv2rPA,UCcy6xaqq0HftGGgVHXv2rPA,True,none,4,2023-01-23T11:59:22Z,2023-01-23T12:59:15Z,True,3,True,"[{'kind': 'youtube#comment', 'etag': 'yZ7fjLUpkRuzeYEfLEF4Lt4wPNc', 'id': 'UgwG2pQn6yCBUO22A994AaABAg.9lDx0dohVEN9lEcT5IwSxq', 'snippet': {'videoId': '-ik4xH7MiYE', 'textDisplay': 'ğŸ‘†ğŸ‰ THANKS FOR WATCHING AND COMMENTING, TELEGRAM ME TO CLAIM YOUR PRIZE ğŸ', 'textOriginal': 'ğŸ‘†ğŸ‰ THANKS FOR WATCHING AND COMMENTING, TELEGRAM ME TO CLAIM YOUR PRIZE ğŸ', 'parentId': 'UgwG2pQn6yCBUO22A994AaABAg', 'authorDisplayName': 'msg ğŸ‘‰Samsung003', 'authorProfileImageUrl': 'https://yt3.ggpht.com/uyxrJTbIdsvEaS5JFbwfPXF7xhG6AJvKl4Xh0GxpJUFc_FbNS-l6Ne7YLq1h4XM0e_M_sFvlIg=s48-c-k-c0x00ffffff-no-rj', 'authorChannelUrl': 'http://www.youtube.com/channel/UCXEDKbPxMOBqMhqJ1pLl8xA', 'authorChannelId': {'value': 'UCXEDKbPxMOBqMhqJ1pLl8xA'}, 'canRate': True, 'viewerRating': 'none', 'likeCount': 0, 'publishedAt': '2023-01-23T18:19:00Z', 'updatedAt': '2023-01-23T18:19:00Z'}}, {'kind': 'youtube#comment', 'etag': 'GTigkSZ7FJ2nRDt7_uOsNSJ-aFs', 'id': 'UgwG2pQn6yCBUO22A994AaABAg.9lDx0dohVEN9lE3Bkvvqtw', 'snippet': {'videoId': '-ik4xH7MiYE', 'textDisplay': 'I don&#39;t think so.', 'textOriginal': ""I don't think so."", 'parentId': 'UgwG2pQn6yCBUO22A994AaABAg', 'authorDisplayName': 'We the People GH', 'authorProfileImageUrl': 'https://yt3.ggpht.com/kVSeCNe2-TOo-uqCq-qpmrw03f5J-eUh8iZk6xGwFbvI6uT9gVyBfLPPWwM_FlGIoJmOnadoYA=s48-c-k-c0x00ffffff-no-rj', 'authorChannelUrl': 'http://www.youtube.com/channel/UCQu4mkPTGQithru_kem-S3A', 'authorChannelId': {'value': 'UCQu4mkPTGQithru_kem-S3A'}, 'canRate': True, 'viewerRating': 'none', 'likeCount': 1, 'publishedAt': '2023-01-23T13:02:03Z', 'updatedAt': '2023-01-23T13:02:03Z'}}, {'kind': 'youtube#comment', 'etag': 'WcBtjr1_Zapx_1G0KtAOKaDr3JE', 'id': 'UgwG2pQn6yCBUO22A994AaABAg.9lDx0dohVEN9lE2bKeW3Ti', 'snippet': {'videoId': '-ik4xH7MiYE', 'textDisplay': 'You wish', 'textOriginal': 'You wish', 'parentId': 'UgwG2pQn6yCBUO22A994AaABAg', 'authorDisplayName': 'Danigurl', 'authorProfileImageUrl': 'https://yt3.ggpht.com/95yHpMItNlNMzaJfeFgKynXx8xuXZxZEedSjA7cEUwySW-ufYgYncaWq7lzuncSAccq6yDlP=s48-c-k-c0x00ffffff-no-rj', 'authorChannelUrl': 'http://www.youtube.com/channel/UCVJUygxYFcsDItPQDZw6XgQ', 'authorChannelId': {'value': 'UCVJUygxYFcsDItPQDZw6XgQ'}, 'canRate': True, 'viewerRating': 'none', 'likeCount': 1, 'publishedAt': '2023-01-23T12:56:57Z', 'updatedAt': '2023-01-23T12:56:57Z'}}]"
youtube#commentThread,Q85KEXhtmmJ4Bg6ygqVvI1Tg3OY,UgzAubm2KTiNnCUIgD94AaABAg,-ik4xH7MiYE,youtube#comment,5iOO_AJk8c7ETrimT1ZxVi-xFXM,UgzAubm2KTiNnCUIgD94AaABAg,-ik4xH7MiYE,Where from the Z the flip is just okay,Where from the Z the flip is just okay,Ogidi Brown,https://yt3.ggpht.com/nGm_e09SCnL1m3eFJUkV6yOX4scQIuk04RymIZxat9Km86RyVqKgV0vynUPyDyRwUowr8ECOLA=s48-c-k-c0x00ffffff-no-rj,http://www.youtube.com/channel/UCiyeCuuzhAOUJbqBByEME4g,UCiyeCuuzhAOUJbqBByEME4g,True,none,0,2023-01-23T11:57:34Z,2023-01-23T11:57:34Z,True,1,True,"[{'kind': 'youtube#comment', 'etag': 'KdNCTezObBs5B8-V7t17437c2D4', 'id': 'UgzAubm2KTiNnCUIgD94AaABAg.9lDwoOklb7j9lEcTzS4U2I', 'snippet': {'videoId': '-ik4xH7MiYE', 'textDisplay': 'ğŸ‘†ğŸ‰ THANKS FOR WATCHING AND COMMENTING, TELEGRAM ME TO CLAIM YOUR PRIZE ğŸ', 'textOriginal': 'ğŸ‘†ğŸ‰ THANKS FOR WATCHING AND COMMENTING, TELEGRAM ME TO CLAIM YOUR PRIZE ğŸ', 'parentId': 'UgzAubm2KTiNnCUIgD94AaABAg', 'authorDisplayName': 'msg ğŸ‘‰Samsung003', 'authorProfileImageUrl': 'https://yt3.ggpht.com/uyxrJTbIdsvEaS5JFbwfPXF7xhG6AJvKl4Xh0GxpJUFc_FbNS-l6Ne7YLq1h4XM0e_M_sFvlIg=s48-c-k-c0x00ffffff-no-rj', 'authorChannelUrl': 'http://www.youtube.com/channel/UCXEDKbPxMOBqMhqJ1pLl8xA', 'authorChannelId': {'value': 'UCXEDKbPxMOBqMhqJ1pLl8xA'}, 'canRate': True, 'viewerRating': 'none', 'likeCount': 0, 'publishedAt': '2023-01-23T18:19:07Z', 'updatedAt': '2023-01-23T18:19:07Z'}}]"
youtube#commentThread,eK8bkZyO6zEcBYCz1WN1n4Iamlw,UgyeLRQ_OO1p5w2TqQ54AaABAg,-ik4xH7MiYE,youtube#comment,cw9y9_TS452sWEJnpR4btWVbi_8,UgyeLRQ_OO1p5w2TqQ54AaABAg,-ik4xH7MiYE,Ù…Ø§ Ø£Ø¬Ù…Ù„ Ø³Ø§Ù…Ø³ÙˆÙ†Ø¬ Ù†ØªÙ…Ù†Ø§ Ù„ÙƒÙ… Ø§Ù„Ù…Ø²ÙŠØ¯ Ù…Ù† Ø§Ù„ØªÙ‚Ø¯Ù…â¤ï¸â€ğŸ”¥â¤ï¸â€ğŸ”¥â¤ï¸â€ğŸ”¥,Ù…Ø§ Ø£Ø¬Ù…Ù„ Ø³Ø§Ù…Ø³ÙˆÙ†Ø¬ Ù†ØªÙ…Ù†Ø§ Ù„ÙƒÙ… Ø§Ù„Ù…Ø²ÙŠØ¯ Ù…Ù† Ø§Ù„ØªÙ‚Ø¯Ù…â¤ï¸â€ğŸ”¥â¤ï¸â€ğŸ”¥â¤ï¸â€ğŸ”¥,Salman ALWA,https://yt3.ggpht.com/wCycmse0MUtgHd2zk9q3AWf7Tlwn51uAtXB-TJ2OaophLxM1ZA79mAZB3WDyk6WOLWzDPgEgwfY=s48-c-k-c0x00ffffff-no-rj,http://www.youtube.com/channel/UCBVksUC9DPHxNXXMopis4tA,UCBVksUC9DPHxNXXMopis4tA,True,none,2,2023-01-23T11:49:51Z,2023-01-23T11:49:51Z,True,1,True,"[{'kind': 'youtube#comment', 'etag': 'OmPpfys3H7AAQbXZKZ1xP3BtHsM', 'id': 'UgyeLRQ_OO1p5w2TqQ54AaABAg.9lDvvuBGtON9lEcUqTCZhQ', 'snippet': {'videoId': '-ik4xH7MiYE', 'textDisplay': 'ğŸ‘†ğŸ‰ THANKS FOR WATCHING AND COMMENTING, TELEGRAM ME TO CLAIM YOUR PRIZE ğŸ', 'textOriginal': 'ğŸ‘†ğŸ‰ THANKS FOR WATCHING AND COMMENTING, TELEGRAM ME TO CLAIM YOUR PRIZE ğŸ', 'parentId': 'UgyeLRQ_OO1p5w2TqQ54AaABAg', 'authorDisplayName': 'msg ğŸ‘‰Samsung003', 'authorProfileImageUrl': 'https://yt3.ggpht.com/uyxrJTbIdsvEaS5JFbwfPXF7xhG6AJvKl4Xh0GxpJUFc_FbNS-l6Ne7YLq1h4XM0e_M_sFvlIg=s48-c-k-c0x00ffffff-no-rj', 'authorChannelUrl': 'http://www.youtube.com/channel/UCXEDKbPxMOBqMhqJ1pLl8xA', 'authorChannelId': {'value': 'UCXEDKbPxMOBqMhqJ1pLl8xA'}, 'canRate': True, 'viewerRating': 'none', 'likeCount': 1, 'publishedAt': '2023-01-23T18:19:14Z', 'updatedAt': '2023-01-23T18:19:14Z'}}]"
youtube#commentThread,GFvMLQWwmmGuDKVtm2612UsHTAQ,UgyoEPqPhTBWoKWtKPp4AaABAg,-ik4xH7MiYE,youtube#comment,xqgbkmWHLBEytX3sgnTPdYIMGWU,UgyoEPqPhTBWoKWtKPp4AaABAg,-ik4xH7MiYE,GOOD LIGHT GOOD SHOT ğŸ˜ğŸ’¥ğŸ’¥ğŸ’¥ğŸ’¥ğŸ’¥ğŸ’¥ğŸ’¥,GOOD LIGHT GOOD SHOT ğŸ˜ğŸ’¥ğŸ’¥ğŸ’¥ğŸ’¥ğŸ’¥ğŸ’¥ğŸ’¥,WITFITMAN,https://yt3.ggpht.com/ytc/AL5GRJUcGUEAiGJWUn_XaW4gh5omruau3ofn6JIG0AJlIQ=s48-c-k-c0x00ffffff-no-rj,http://www.youtube.com/channel/UCgrLNlL0GeiPWUeQgyWCAPg,UCgrLNlL0GeiPWUeQgyWCAPg,True,none,1,2023-01-23T11:31:15Z,2023-01-23T11:31:15Z,True,2,True,"[{'kind': 'youtube#comment', 'etag': 'kmSo5kcxMSeBSNLyyhFQlONjErQ', 'id': 'UgyoEPqPhTBWoKWtKPp4AaABAg.9lDtndz_AJk9lEcVwfBLyB', 'snippet': {'videoId': '-ik4xH7MiYE', 'textDisplay': 'ğŸ‘†ğŸ‰ THANKS FOR WATCHING AND COMMENTING, TELEGRAM ME TO CLAIM YOUR PRIZE ğŸ', 'textOriginal': 'ğŸ‘†ğŸ‰ THANKS FOR WATCHING AND COMMENTING, TELEGRAM ME TO CLAIM YOUR PRIZE ğŸ', 'parentId': 'UgyoEPqPhTBWoKWtKPp4AaABAg', 'authorDisplayName': 'msg ğŸ‘‰Samsung003', 'authorProfileImageUrl': 'https://yt3.ggpht.com/uyxrJTbIdsvEaS5JFbwfPXF7xhG6AJvKl4Xh0GxpJUFc_FbNS-l6Ne7YLq1h4XM0e_M_sFvlIg=s48-c-k-c0x00ffffff-no-rj', 'authorChannelUrl': 'http://www.youtube.com/channel/UCXEDKbPxMOBqMhqJ1pLl8xA', 'authorChannelId': {'value': 'UCXEDKbPxMOBqMhqJ1pLl8xA'}, 'canRate': True, 'viewerRating': 'none', 'likeCount': 0, 'publishedAt': '2023-01-23T18:19:23Z', 'updatedAt': '2023-01-23T18:19:23Z'}}, {'kind': 'youtube#comment', 'etag': 'Anmtw1RyzH6KmJROplwBN2c4OpA', 'id': 'UgyoEPqPhTBWoKWtKPp4AaABAg.9lDtndz_AJk9lDwVQZD-1p', 'snippet': {'videoId': '-ik4xH7MiYE', 'textDisplay': 'No bro it&#39;s is very bad light but still goodğŸ‘ğŸ‘', 'textOriginal': ""No bro it's is very bad light but still goodğŸ‘ğŸ‘"", 'parentId': 'UgyoEPqPhTBWoKWtKPp4AaABAg', 'authorDisplayName': 'Unknown 402', 'authorProfileImageUrl': 'https://yt3.ggpht.com/ytc/AL5GRJW2mlAuaEq3oMID_bG2by-RK251JsGPOAkVL565Dl0YIiFziRgfmHBDOzVTNUHU=s48-c-k-c0x00ffffff-no-rj', 'authorChannelUrl': 'http://www.youtube.com/channel/UClyb9Fa55dYAiMMq-61l7Zw', 'authorChannelId': {'value': 'UClyb9Fa55dYAiMMq-61l7Zw'}, 'canRate': True, 'viewerRating': 'none', 'likeCount': 0, 'publishedAt': '2023-01-23T11:54:50Z', 'updatedAt': '2023-01-23T11:54:50Z'}}]"
youtube#commentThread,0DLPe7UHqgIlIJuuyUMBuneQaG8,UgzKffYPQ-eYSaPUS794AaABAg,-ik4xH7MiYE,youtube#comment,UoYxJQBTUjNER6xmd5YP2d2dN7I,UgzKffYPQ-eYSaPUS794AaABAg,-ik4xH7MiYE,waiting for s23u ğŸ¤—,waiting for s23u ğŸ¤—,Satria Naliqa,https://yt3.ggpht.com/L2NMLHmlPNGfnIvlGiEA0G2OkI8qpXELydH4EPGDD-FzDQtAG0w04IqAWhSN_KXK7zVQpj9q7Q=s48-c-k-c0x00ffffff-no-rj,http://www.youtube.com/channel/UCkV1HdtMAZUPtqvNFdLoJtQ,UCkV1HdtMAZUPtqvNFdLoJtQ,True,none,6,2023-01-23T11:30:04Z,2023-01-23T11:30:04Z,True,1,True,"[{'kind': 'youtube#comment', 'etag': 'yuYIVS4ld2drzJgKtjcgQuJC79c', 'id': 'UgzKffYPQ-eYSaPUS794AaABAg.9lDteyCn_Qq9lEcWoqHWxR', 'snippet': {'videoId': '-ik4xH7MiYE', 'textDisplay': 'ğŸ‘†ğŸ‰ THANKS FOR WATCHING AND COMMENTING, TELEGRAM ME TO CLAIM YOUR PRIZE ğŸ', 'textOriginal': 'ğŸ‘†ğŸ‰ THANKS FOR WATCHING AND COMMENTING, TELEGRAM ME TO CLAIM YOUR PRIZE ğŸ', 'parentId': 'UgzKffYPQ-eYSaPUS794AaABAg', 'authorDisplayName': 'msg ğŸ‘‰Samsung003', 'authorProfileImageUrl': 'https://yt3.ggpht.com/uyxrJTbIdsvEaS5JFbwfPXF7xhG6AJvKl4Xh0GxpJUFc_FbNS-l6Ne7YLq1h4XM0e_M_sFvlIg=s48-c-k-c0x00ffffff-no-rj', 'authorChannelUrl': 'http://www.youtube.com/channel/UCXEDKbPxMOBqMhqJ1pLl8xA', 'authorChannelId': {'value': 'UCXEDKbPxMOBqMhqJ1pLl8xA'}, 'canRate': True, 'viewerRating': 'none', 'likeCount': 0, 'publishedAt': '2023-01-23T18:19:30Z', 'updatedAt': '2023-01-23T18:19:30Z'}}]"
youtube#commentThread,g80HySGH_cxEuZcwCLtrLKIKgag,UgyycR9mEsz_NBpL5jx4AaABAg,-ik4xH7MiYE,youtube#comment,NILTVPJrWjvNykxH2A0D8fLWQG4,UgyycR9mEsz_NBpL5jx4AaABAg,-ik4xH7MiYE,Much love Samsung â¤,Much love Samsung â¤,ê¹€ì œì´ë“ ğŸ‡°ğŸ‡·,https://yt3.ggpht.com/7kiaVhRluN2qBXrv09EOYxRR8SoI16beCUXAm_O5yncqcZebf5jWS_FWxP_ct2yl14w1CUBQoA=s48-c-k-c0x00ffffff-no-rj,http://www.youtube.com/channel/UCWBgism_fFLIuN52ggvePgA,UCWBgism_fFLIuN52ggvePgA,True,none,8,2023-01-23T11:29:38Z,2023-01-23T11:29:38Z,True,1,True,"[{'kind': 'youtube#comment', 'etag': 'NVC0TwuE2QDzxuevjZ4UczFrXNM', 'id': 'UgyycR9mEsz_NBpL5jx4AaABAg.9lDtbpTUyCs9lEcXigqtPJ', 'snippet': {'videoId': '-ik4xH7MiYE', 'textDisplay': 'ğŸ‘†ğŸ‰ THANKS FOR WATCHING AND COMMENTING, TELEGRAM ME TO CLAIM YOUR PRIZE ğŸ', 'textOriginal': 'ğŸ‘†ğŸ‰ THANKS FOR WATCHING AND COMMENTING, TELEGRAM ME TO CLAIM YOUR PRIZE ğŸ', 'parentId': 'UgyycR9mEsz_NBpL5jx4AaABAg', 'authorDisplayName': 'msg ğŸ‘‰Samsung003', 'authorProfileImageUrl': 'https://yt3.ggpht.com/uyxrJTbIdsvEaS5JFbwfPXF7xhG6AJvKl4Xh0GxpJUFc_FbNS-l6Ne7YLq1h4XM0e_M_sFvlIg=s48-c-k-c0x00ffffff-no-rj', 'authorChannelUrl': 'http://www.youtube.com/channel/UCXEDKbPxMOBqMhqJ1pLl8xA', 'authorChannelId': {'value': 'UCXEDKbPxMOBqMhqJ1pLl8xA'}, 'canRate': True, 'viewerRating': 'none', 'likeCount': 0, 'publishedAt': '2023-01-23T18:19:38Z', 'updatedAt': '2023-01-23T18:19:38Z'}}]"
youtube#commentThread,dsmIKeNlp-N9zjU86uyg_GbBSy0,Ugy8f0D0q6UNFpVCwN94AaABAg,-ik4xH7MiYE,youtube#comment,AVkCVBZlz3BoDZByODzzY_EN6MU,Ugy8f0D0q6UNFpVCwN94AaABAg,-ik4xH7MiYE,ğŸ‘‘<br>ğŸ‡¸ğŸ‡¦<br>ğŸ¥‡,"ğŸ‘‘
ğŸ‡¸ğŸ‡¦
ğŸ¥‡",Alia Saleh,https://yt3.ggpht.com/zpO5BBlMBcovr5X2LSIotYpBk2FaKjf35_c-qxgq8lNRW_yTHVXyT30ZjFnpGFBXQDRQug9-=s48-c-k-c0x00ffffff-no-rj,http://www.youtube.com/channel/UCg656L9Cqjj3XajSlyR2YCQ,UCg656L9Cqjj3XajSlyR2YCQ,True,none,1,2023-01-23T11:29:34Z,2023-01-23T11:29:34Z,True,1,True,"[{'kind': 'youtube#comment', 'etag': 'zvGaLvr-6vURCeGwD9zGnwLqL-g', 'id': 'Ugy8f0D0q6UNFpVCwN94AaABAg.9lDtbNlnmWM9lEcYYsBq6D', 'snippet': {'videoId': '-ik4xH7MiYE', 'textDisplay': 'ğŸ‘†ğŸ‰ THANKS FOR WATCHING AND COMMENTING, TELEGRAM ME TO CLAIM YOUR PRIZE ğŸ', 'textOriginal': 'ğŸ‘†ğŸ‰ THANKS FOR WATCHING AND COMMENTING, TELEGRAM ME TO CLAIM YOUR PRIZE ğŸ', 'parentId': 'Ugy8f0D0q6UNFpVCwN94AaABAg', 'authorDisplayName': 'msg ğŸ‘‰Samsung003', 'authorProfileImageUrl': 'https://yt3.ggpht.com/uyxrJTbIdsvEaS5JFbwfPXF7xhG6AJvKl4Xh0GxpJUFc_FbNS-l6Ne7YLq1h4XM0e_M_sFvlIg=s48-c-k-c0x00ffffff-no-rj', 'authorChannelUrl': 'http://www.youtube.com/channel/UCXEDKbPxMOBqMhqJ1pLl8xA', 'authorChannelId': {'value': 'UCXEDKbPxMOBqMhqJ1pLl8xA'}, 'canRate': True, 'viewerRating': 'none', 'likeCount': 0, 'publishedAt': '2023-01-23T18:19:44Z', 'updatedAt': '2023-01-23T18:19:44Z'}}]"
youtube#commentThread,RVVtC5DunRMCCxKdw_vbp-V-Fns,UgxKloycFW7xMpUogX14AaABAg,-ik4xH7MiYE,youtube#comment,g4fNtwTmBKY6zfZdEE5L7HhoT_I,UgxKloycFW7xMpUogX14AaABAg,-ik4xH7MiYE,Wow MR SAMSUNG S23ULTRA5G 8KULTRAHD FOR 30FPS...,Wow MR SAMSUNG S23ULTRA5G 8KULTRAHD FOR 30FPS...,IBRAHIM Rá»’Å¢ÑR Ï‰á»’Ä»f,https://yt3.ggpht.com/yiJKzVIKq9md8oMN9jxl_WbYtfQv30xs6WX_-holRqTp8pB4AZLYhUqIUW2FJenW1NNPK0vhHg=s48-c-k-c0x00ffffff-no-rj,http://www.youtube.com/channel/UCyWovW5BthROanrtpGS52cQ,UCyWovW5BthROanrtpGS52cQ,True,none,0,2023-01-23T11:28:29Z,2023-01-23T11:28:29Z,True,1,True,"[{'kind': 'youtube#comment', 'etag': 'SeE2AJGOIOZDjpjVGIYDyCcIZtM', 'id': 'UgxKloycFW7xMpUogX14AaABAg.9lDtUP3G9Yo9lEcZnPEwnw', 'snippet': {'videoId': '-ik4xH7MiYE', 'textDisplay': 'ğŸ‘†ğŸ‰ THANKS FOR WATCHING AND COMMENTING, TELEGRAM ME TO CLAIM YOUR PRIZE ğŸ', 'textOriginal': 'ğŸ‘†ğŸ‰ THANKS FOR WATCHING AND COMMENTING, TELEGRAM ME TO CLAIM YOUR PRIZE ğŸ', 'parentId': 'UgxKloycFW7xMpUogX14AaABAg', 'authorDisplayName': 'msg ğŸ‘‰Samsung003', 'authorProfileImageUrl': 'https://yt3.ggpht.com/uyxrJTbIdsvEaS5JFbwfPXF7xhG6AJvKl4Xh0GxpJUFc_FbNS-l6Ne7YLq1h4XM0e_M_sFvlIg=s48-c-k-c0x00ffffff-no-rj', 'authorChannelUrl': 'http://www.youtube.com/channel/UCXEDKbPxMOBqMhqJ1pLl8xA', 'authorChannelId': {'value': 'UCXEDKbPxMOBqMhqJ1pLl8xA'}, 'canRate': True, 'viewerRating': 'none', 'likeCount': 0, 'publishedAt': '2023-01-23T18:19:55Z', 'updatedAt': '2023-01-23T18:19:55Z'}}]"
youtube#commentThread,r6OHeQU-akaQ-ar0NwZM8BGsYro,UgxLxM1HVrJOiVtYBPp4AaABAg,-ik4xH7MiYE,youtube#comment,TnD5k7NQ8tpzwxO9x9sXl42Dt6A,UgxLxM1HVrJOiVtYBPp4AaABAg,-ik4xH7MiYE,1st comment!!!!!,1st comment!!!!!,H DATA,https://yt3.ggpht.com/CgCOY-AEoaHECaKSL7Gcw8Fw34C7Ncvlf4W8riVKwT1r1dmCsPEWHWiLK5rA9m3mmOa2FPKgSA8=s48-c-k-c0x00ffffff-no-rj,http://www.youtube.com/channel/UCzJKimyWvfCj2xpsxTry15Q,UCzJKimyWvfCj2xpsxTry15Q,True,none,1,2023-01-23T11:28:03Z,2023-01-23T11:28:03Z,True,3,True,"[{'kind': 'youtube#comment', 'etag': 'dCaSWzCuWpycnj8Y0e3MffHG9JA', 'id': 'UgxLxM1HVrJOiVtYBPp4AaABAg.9lDtRCtLyCA9lEcbgDE9rU', 'snippet': {'videoId': '-ik4xH7MiYE', 'textDisplay': 'ğŸ‘†ğŸ‰ THANKS FOR WATCHING AND COMMENTING, TELEGRAM ME TO CLAIM YOUR PRIZE ğŸ', 'textOriginal': 'ğŸ‘†ğŸ‰ THANKS FOR WATCHING AND COMMENTING, TELEGRAM ME TO CLAIM YOUR PRIZE ğŸ', 'parentId': 'UgxLxM1HVrJOiVtYBPp4AaABAg', 'authorDisplayName': 'msg ğŸ‘‰Samsung003', 'authorProfileImageUrl': 'https://yt3.ggpht.com/uyxrJTbIdsvEaS5JFbwfPXF7xhG6AJvKl4Xh0GxpJUFc_FbNS-l6Ne7YLq1h4XM0e_M_sFvlIg=s48-c-k-c0x00ffffff-no-rj', 'authorChannelUrl': 'http://www.youtube.com/channel/UCXEDKbPxMOBqMhqJ1pLl8xA', 'authorChannelId': {'value': 'UCXEDKbPxMOBqMhqJ1pLl8xA'}, 'canRate': True, 'viewerRating': 'none', 'likeCount': 0, 'publishedAt': '2023-01-23T18:20:18Z', 'updatedAt': '2023-01-23T18:20:18Z'}}, {'kind': 'youtube#comment', 'etag': 'cR_2_Qe1PS0osAgjs1bmcNm-b-k', 'id': 'UgxLxM1HVrJOiVtYBPp4AaABAg.9lDtRCtLyCA9lEc_ioOrqH', 'snippet': {'videoId': '-ik4xH7MiYE', 'textDisplay': 'ğŸ‘†ğŸ‰ THANKS FOR WATCHING AND COMMENTING, TELEGRAM ME TO CLAIM YOUR PRIZE ğŸ', 'textOriginal': 'ğŸ‘†ğŸ‰ THANKS FOR WATCHING AND COMMENTING, TELEGRAM ME TO CLAIM YOUR PRIZE ğŸ', 'parentId': 'UgxLxM1HVrJOiVtYBPp4AaABAg', 'authorDisplayName': 'msg ğŸ‘‰Samsung003', 'authorProfileImageUrl': 'https://yt3.ggpht.com/uyxrJTbIdsvEaS5JFbwfPXF7xhG6AJvKl4Xh0GxpJUFc_FbNS-l6Ne7YLq1h4XM0e_M_sFvlIg=s48-c-k-c0x00ffffff-no-rj', 'authorChannelUrl': 'http://www.youtube.com/channel/UCXEDKbPxMOBqMhqJ1pLl8xA', 'authorChannelId': {'value': 'UCXEDKbPxMOBqMhqJ1pLl8xA'}, 'canRate': True, 'viewerRating': 'none', 'likeCount': 0, 'publishedAt': '2023-01-23T18:20:02Z', 'updatedAt': '2023-01-23T18:20:02Z'}}, {'kind': 'youtube#comment', 'etag': 'lrU10_kn_z3yB7JRlQh3INES__0', 'id': 'UgxLxM1HVrJOiVtYBPp4AaABAg.9lDtRCtLyCA9lDtWBT8B15', 'snippet': {'videoId': '-ik4xH7MiYE', 'textDisplay': 'ğŸ¥ˆ', 'textOriginal': 'ğŸ¥ˆ', 'parentId': 'UgxLxM1HVrJOiVtYBPp4AaABAg', 'authorDisplayName': 'ProdZayeed', 'authorProfileImageUrl': 'https://yt3.ggpht.com/75SGIMEk7qlhiT81tqEdlybDI58duQrZ1cT_oP3ZiD7CYaYzUop-Up9mxQLdcrQlfqHTv2HYnQ=s48-c-k-c0x00ffffff-no-rj', 'authorChannelUrl': 'http://www.youtube.com/channel/UC66fAT0qkkm8K_6mp4wcXLw', 'authorChannelId': {'value': 'UC66fAT0qkkm8K_6mp4wcXLw'}, 'canRate': True, 'viewerRating': 'none', 'likeCount': 0, 'publishedAt': '2023-01-23T11:28:44Z', 'updatedAt': '2023-01-23T11:28:44Z'}}]"
youtube#commentThread,GSIAMglPY_H7GD4blR0Y3D3wsXI,UgwJQK8I0uKn_IQ2bSh4AaABAg,-ik4xH7MiYE,youtube#comment,sjpx_xj_iyqfcWkJBhh8Y-2eqEU,UgwJQK8I0uKn_IQ2bSh4AaABAg,-ik4xH7MiYE,MISS LOVE BRO...,MISS LOVE BRO...,IBRAHIM Rá»’Å¢ÑR Ï‰á»’Ä»f,https://yt3.ggpht.com/yiJKzVIKq9md8oMN9jxl_WbYtfQv30xs6WX_-holRqTp8pB4AZLYhUqIUW2FJenW1NNPK0vhHg=s48-c-k-c0x00ffffff-no-rj,http://www.youtube.com/channel/UCyWovW5BthROanrtpGS52cQ,UCyWovW5BthROanrtpGS52cQ,True,none,0,2023-01-23T11:27:57Z,2023-01-23T11:27:57Z,True,1,True,"[{'kind': 'youtube#comment', 'etag': 'ExCJS3nmENm0Kdtw1XtqpJGO53s', 'id': 'UgwJQK8I0uKn_IQ2bSh4AaABAg.9lDtQSZPrDI9lEcd-yo493', 'snippet': {'videoId': '-ik4xH7MiYE', 'textDisplay': 'ğŸ‘†ğŸ‰ THANKS FOR WATCHING AND COMMENTING, TELEGRAM ME TO CLAIM YOUR PRIZE ğŸ', 'textOriginal': 'ğŸ‘†ğŸ‰ THANKS FOR WATCHING AND COMMENTING, TELEGRAM ME TO CLAIM YOUR PRIZE ğŸ', 'parentId': 'UgwJQK8I0uKn_IQ2bSh4AaABAg', 'authorDisplayName': 'msg ğŸ‘‰Samsung003', 'authorProfileImageUrl': 'https://yt3.ggpht.com/uyxrJTbIdsvEaS5JFbwfPXF7xhG6AJvKl4Xh0GxpJUFc_FbNS-l6Ne7YLq1h4XM0e_M_sFvlIg=s48-c-k-c0x00ffffff-no-rj', 'authorChannelUrl': 'http://www.youtube.com/channel/UCXEDKbPxMOBqMhqJ1pLl8xA', 'authorChannelId': {'value': 'UCXEDKbPxMOBqMhqJ1pLl8xA'}, 'canRate': True, 'viewerRating': 'none', 'likeCount': 0, 'publishedAt': '2023-01-23T18:20:29Z', 'updatedAt': '2023-01-23T18:20:29Z'}}]"
youtube#commentThread,ExtOFcnKovzjjEr_QlPtXRJ3Iro,UgwJ4NDiXEBFxPoMRKJ4AaABAg,-ik4xH7MiYE,youtube#comment,UwHt5ObtdP7_gkKxh7SiHPAyImo,UgwJ4NDiXEBFxPoMRKJ4AaABAg,-ik4xH7MiYE,A LOT OF LOVE AND TNK A LOT MR.Bro FOR YOU FROM IRAQ...ğŸ‡®ğŸ‡¶ğŸ‡®ğŸ‡¶ğŸ‡®ğŸ‡¶$%&amp;*-+;&#39;ğŸ˜â¤ï¸â¤ï¸â€ğŸ©¹â¤ï¸â€ğŸ”¥ğŸ’¯ğŸ’¥ğŸ’œğŸ’™ğŸ¤ğŸ–¤ğŸŒ¹ğŸŒ¹ğŸŒ¹ğŸŒ¹ğŸŒ¹ğŸŒ·ğŸŒ·ğŸŒ·ğŸŒ¹ğŸŒ·Ø­ÙƒÙƒ,A LOT OF LOVE AND TNK A LOT MR.Bro FOR YOU FROM IRAQ...ğŸ‡®ğŸ‡¶ğŸ‡®ğŸ‡¶ğŸ‡®ğŸ‡¶$%&*-+;'ğŸ˜â¤ï¸â¤ï¸â€ğŸ©¹â¤ï¸â€ğŸ”¥ğŸ’¯ğŸ’¥ğŸ’œğŸ’™ğŸ¤ğŸ–¤ğŸŒ¹ğŸŒ¹ğŸŒ¹ğŸŒ¹ğŸŒ¹ğŸŒ·ğŸŒ·ğŸŒ·ğŸŒ¹ğŸŒ·Ø­ÙƒÙƒ,IBRAHIM Rá»’Å¢ÑR Ï‰á»’Ä»f,https://yt3.ggpht.com/yiJKzVIKq9md8oMN9jxl_WbYtfQv30xs6WX_-holRqTp8pB4AZLYhUqIUW2FJenW1NNPK0vhHg=s48-c-k-c0x00ffffff-no-rj,http://www.youtube.com/channel/UCyWovW5BthROanrtpGS52cQ,UCyWovW5BthROanrtpGS52cQ,True,none,0,2023-01-23T11:27:47Z,2023-01-23T11:27:47Z,True,2,True,"[{'kind': 'youtube#comment', 'etag': 'F4jpTYiO-FReZRq6uByG5EDnQHw', 'id': 'UgwJ4NDiXEBFxPoMRKJ4AaABAg.9lDtPGmS6Xk9lDtn7Lu-N0', 'snippet': {'videoId': '-ik4xH7MiYE', 'textDisplay': '@ProdZayeed miss you....', 'textOriginal': '@ProdZayeed miss you....', 'parentId': 'UgwJ4NDiXEBFxPoMRKJ4AaABAg', 'authorDisplayName': 'IBRAHIM Rá»’Å¢ÑR Ï‰á»’Ä»f', 'authorProfileImageUrl': 'https://yt3.ggpht.com/yiJKzVIKq9md8oMN9jxl_WbYtfQv30xs6WX_-holRqTp8pB4AZLYhUqIUW2FJenW1NNPK0vhHg=s48-c-k-c0x00ffffff-no-rj', 'authorChannelUrl': 'http://www.youtube.com/channel/UCyWovW5BthROanrtpGS52cQ', 'authorChannelId': {'value': 'UCyWovW5BthROanrtpGS52cQ'}, 'canRate': True, 'viewerRating': 'none', 'likeCount': 0, 'publishedAt': '2023-01-23T11:31:10Z', 'updatedAt': '2023-01-23T11:31:10Z'}}, {'kind': 'youtube#comment', 'etag': 'ZLQTwa8FZ_rysaXthBZuPxul7l8', 'id': 'UgwJ4NDiXEBFxPoMRKJ4AaABAg.9lDtPGmS6Xk9lDtT5UyWNi', 'snippet': {'videoId': '-ik4xH7MiYE', 'textDisplay': 'Sup', 'textOriginal': 'Sup', 'parentId': 'UgwJ4NDiXEBFxPoMRKJ4AaABAg', 'authorDisplayName': 'ProdZayeed', 'authorProfileImageUrl': 'https://yt3.ggpht.com/75SGIMEk7qlhiT81tqEdlybDI58duQrZ1cT_oP3ZiD7CYaYzUop-Up9mxQLdcrQlfqHTv2HYnQ=s48-c-k-c0x00ffffff-no-rj', 'authorChannelUrl': 'http://www.youtube.com/channel/UC66fAT0qkkm8K_6mp4wcXLw', 'authorChannelId': {'value': 'UC66fAT0qkkm8K_6mp4wcXLw'}, 'canRate': True, 'viewerRating': 'none', 'likeCount': 1, 'publishedAt': '2023-01-23T11:28:18Z', 'updatedAt': '2023-01-23T11:28:18Z'}}]"
